CourseID ,AverageRating
      72 ,5.0
      99 ,4.75
      44 ,4.333333333333333
      23 ,4.25
      50 ,4.2
      11 ,4.166666666666667
      63 ,4.0
      14 ,4.0
      39 ,4.0
      93 ,4.0
